title,company,location,link
Senior Software Engineer - Machine Learning,Realtor.com,"Richmond, BC, Canada",https://stackoverflow.com/jobs/497685
Java Developer,Agrian Inc.,"Montreal, QC, Canada",https://stackoverflow.com/jobs/517531
Java Developer-Microservices OpenShift,CGI Inc.,"Toronto, ON, Canada",https://stackoverflow.com/jobs/523357
Global Markets Data Services Full Stack Java Developer,HSBC Canada,"Toronto, ON, Canada",https://stackoverflow.com/jobs/522699
Java Developer,CGI Inc.,"Montreal, QC, Canada",https://stackoverflow.com/jobs/523342
Java-ish Developer,Integral Group Inc.,"Markham, ON, Canada",https://stackoverflow.com/jobs/519285
Sr. Software Developer Enterprise Imaging (Java),AGFA HealthCare Global,"Waterloo, ON, Canada",https://stackoverflow.com/jobs/505648
Java Back End Developer interested in IoT,ei3 Technical Services,"Montreal, QC, Canada",https://stackoverflow.com/jobs/519014
Senior Full Stack Java Developer,Teranet,"Toronto, ON, Canada",https://stackoverflow.com/jobs/522013
Senior Java Developer (Product Team),Logiciel Behavox (Canada) Inc,"Montreal, QC, Canada",https://stackoverflow.com/jobs/456506
Software Developer Enterprise Imaging (Java),AGFA HealthCare Global,"Waterloo, ON, Canada",https://stackoverflow.com/jobs/507653
Software Developer (Java),Alcumus,"Toronto, ON, Canada",https://stackoverflow.com/jobs/463162
Senior Java Mobile Developer,AIR MILES,"Toronto, ON, Canada",https://stackoverflow.com/jobs/500250
Senior Automation Developers- Selenium & Java,CGI Inc.,"Toronto, ON, Canada",https://stackoverflow.com/jobs/523326
Senior Java Programmer analyst,Kezber,"Magog, QC, Canada",https://stackoverflow.com/jobs/500280
"Software Developer, UI/UX Specialist interested in IoT",ei3 Technical Services,"Montreal, QC, Canada",https://stackoverflow.com/jobs/519019
Software Engineering Manager,Quantum Mob,"Toronto, ON, Canada",https://stackoverflow.com/jobs/519030
Senior Software Engineer,"AppNeta, Inc.","Vancouver, BC, Canada",https://stackoverflow.com/jobs/518998
Senior Software Engineer,Aaqua,"Toronto, ON, Canada",https://stackoverflow.com/jobs/465926
Full Stack Software Developer,"AppNeta, Inc.","Vancouver, BC, Canada",https://stackoverflow.com/jobs/518995
Senior Site Reliability Engineer,Aiven,"Toronto, ON, Canada",https://stackoverflow.com/jobs/513679
Full Stack Software Developer,"AppNeta, Inc.","Vancouver, BC, Canada",https://stackoverflow.com/jobs/518993
Software Developer,ECI Software Solutions,"Calgary, AB, Canada",https://stackoverflow.com/jobs/501830
Development Team Lead,Adaptavist,"Toronto, ON, Canada",https://stackoverflow.com/jobs/522159
Intermediate and Senior-level Full Stack Developers,Shareworks by Morgan Stanley,"Calgary, AB, Canada",https://stackoverflow.com/jobs/518650
Software Development Manager,Shareworks by Morgan Stanley,"Calgary, AB, Canada",https://stackoverflow.com/jobs/518651
Engineering Manager,"AppNeta, Inc.","Vancouver, BC, Canada",https://stackoverflow.com/jobs/518202
Engineering Manager (Risk),Logiciel Behavox (Canada) Inc,"Montreal, QC, Canada",https://stackoverflow.com/jobs/512402
Software Developer,ECI Software Solutions,"Calgary, AB, Canada",https://stackoverflow.com/jobs/501830
Full Stack Developer,AIR MILES,"Toronto, ON, Canada",https://stackoverflow.com/jobs/500279
Americas Structured Products Technical Lead,HSBC Canada,"Toronto, ON, Canada",https://stackoverflow.com/jobs/522666
FICC - Markets Treasury IT- Team Lead,HSBC Canada,"Toronto, ON, Canada",https://stackoverflow.com/jobs/522678
Technology Leader,CAIL Systems Inc.,"Markham, ON, Canada",https://stackoverflow.com/jobs/467111
Software Development Team Lead,AGFA HealthCare Global,"Waterloo, ON, Canada",https://stackoverflow.com/jobs/505647
Americas Lead of Trade and Transaction Reporting IT,HSBC Canada,"Toronto, ON, Canada",https://stackoverflow.com/jobs/522702
Live Risk IT Tech Lead,HSBC Canada,"Toronto, ON, Canada",https://stackoverflow.com/jobs/522698
QA Automation Developer,AIMCo,"Edmonton, AB, Canada",https://stackoverflow.com/jobs/522801
Solutions Architect,Quantum Mob,"Toronto, ON, Canada",https://stackoverflow.com/jobs/518769
Global Markets Data Services Production Analyst,HSBC Canada,"Toronto, ON, Canada",https://stackoverflow.com/jobs/522700
Lead Developer,Ontario Digital Service,"Toronto, ON, Canada",https://stackoverflow.com/jobs/517502
Fullstack Web Developer,Mirego,"Montréal, QC, Canada",https://stackoverflow.com/jobs/513028
Business Analyst Bloomberg Trade Order Management Solutions & Optitrade Support,HSBC Canada,"Toronto, ON, Canada",https://stackoverflow.com/jobs/522659
Flutter Mobile Developer,Snibble Corp,"Toronto, ON, Canada",https://stackoverflow.com/jobs/523305
Senior Site Reliability Engineer,Logiciel Behavox (Canada) Inc,"Montreal, QC, Canada",https://stackoverflow.com/jobs/519038
Development Specialist for XDS,HSBC Canada,"Toronto, ON, Canada",https://stackoverflow.com/jobs/522667
Lead Consultant Specialist,HSBC Canada,"Toronto, ON, Canada",https://stackoverflow.com/jobs/522656
Engineering Manager,"AppNeta, Inc.","Vancouver, BC, Canada",https://stackoverflow.com/jobs/518997
"Software Developer, Frontend","Alloy, Inc.","Vancouver, BC, Canada",https://stackoverflow.com/jobs/500205
GDM SPECTRE - Sr Development & Support Engineer (Dev Ops),HSBC Canada,"Toronto, ON, Canada",https://stackoverflow.com/jobs/522679
Sr. Java Developer,ChargeLab Inc.,"Toronto, ON",https://ca.indeed.com/viewjob?jk=120003fd1a1f89f7
Java Architect (Regina) - 1221,Solvera,"Regina, SK",https://ca.indeed.com/viewjob?jk=91bd456b5636cbc2
Java Developer,Insurity,Remote,https://ca.indeed.com/viewjob?jk=6475fab0d2bed82b
Sr. Java Developer (Contractor),Scotiabank,"Toronto, ON",https://ca.indeed.com/viewjob?jk=5bd900eeaada4de1
Intermediate Java Developer,ChargeLab Inc.,"Toronto, ON",https://ca.indeed.com/viewjob?jk=8311224d864ea314
Senior Software Engineer (Back-End),Playgon Interactive,"Vancouver, BC",https://ca.indeed.com/viewjob?jk=6c8df4ed7271d34a
Java Engineer,Telna,Remote,https://ca.indeed.com/viewjob?jk=43612278fc8ae4a5
Junior Java Developer for Desktop Application,"Streamsim Technologies, Inc.","Calgary, AB",https://ca.indeed.com/viewjob?jk=990df5ed53e9187d
Senior Java Developer,Interac,"Toronto, ON",https://ca.indeed.com/viewjob?jk=3db3ad515a936d76
Senior Java Application Designer,Sun Life Financial,"Waterloo, ON",https://ca.indeed.com/viewjob?jk=2f487a3dc5dfaf89
Java Developer,xMatters,British Columbia,https://ca.indeed.com/viewjob?jk=07fb7b46a03eba1f
Java Developer,Pacific GeoTech Systems LTD,"Victoria, BC",https://ca.indeed.com/viewjob?jk=d974b1d9482599b8
Jr. Java/VB Developer,NTT DATA Corporation,"Halifax, NS",https://ca.indeed.com/viewjob?jk=b33f90b076554f7d
Senior Java Developer,Propel Holdings,"Toronto, ON",https://ca.indeed.com/viewjob?jk=b829e7ef9b70d145
Junior/Intermediate Java Software Developer,SimFront Simulation Systems Corporation,"Kanata, ON",https://ca.indeed.com/viewjob?jk=41b9d4068a05f2e0
Student / Intern,Oracle,Canada,https://ca.indeed.com/viewjob?jk=923c57aca6171dff
Sr. Java Developer,SnapPay Inc.,"Mississauga, ON",https://ca.indeed.com/viewjob?jk=f4dffffbe4bdc444
Technical Business Analyst,Indeed,Remote,https://ca.indeed.com/viewjob?jk=2109f930a9be7013
Java Developer - $80.00 p/h - Banking Contract - REMOTE,CorGTA,"Toronto, ON",https://ca.indeed.com/viewjob?jk=81edcb81374e2c73
Software Integration Specialist (Java),Modulus Data,"Lévis, QC",https://ca.indeed.com/viewjob?jk=009cff513325b338
Sr. Java Developer,Networkers,"Toronto, ON",https://ca.indeed.com/viewjob?jk=05c2e34cf3080939
Java Developer,Orion Labs Inc,"Abbotsford, BC",https://ca.indeed.com/viewjob?jk=b72ee7227ae9e098
Microservices – Java / Spring Boot,MICROLINX Consulting,"Toronto, ON",https://ca.indeed.com/viewjob?jk=3180390a91f85352
Senior Software Engineer,Imagine Communications,"Toronto, ON",https://ca.indeed.com/viewjob?jk=c62ab9378bb2d3e7
Back-End Developer (JAVA),Carfax,"London, ON",https://ca.indeed.com/viewjob?jk=ea02f0b888f6d136
Senior Java Software Developer,Ruby Life Inc,"Toronto, ON",https://ca.indeed.com/viewjob?jk=6baa5054fe527af1
Senior Java Developer,OneSpan,Quebec Province,https://ca.indeed.com/viewjob?jk=18eefe591123c9c0
Junior Java Developer,apptoza inc,"Montréal, QC",https://ca.indeed.com/viewjob?jk=70783b578aa9559a
Java Software Engineer - FIFA,Electronic Arts,"Vancouver, BC",https://ca.indeed.com/viewjob?jk=582f23cec11f9465
Full Stack Java Developer,Fidelity Investments,"Toronto, ON",https://ca.indeed.com/viewjob?jk=e88a443126e4426c
Developer,University Health Network,"Toronto, ON",https://ca.indeed.com/viewjob?jk=8cf715580c83be72
Java Developer,SimplePin,"Montréal, QC",https://ca.indeed.com/viewjob?jk=15b5ba81ca1a0d00
Technical Software Architect (Java),Cvent,Remote,https://ca.indeed.com/viewjob?jk=b7be25f893a9e8f0
"Senior Application Developer - Java - Calgary, AB",Canadian Pacific,"Calgary, AB",https://ca.indeed.com/viewjob?jk=4f20017d0e24a740
Java Developer,global pharma tek,"Toronto, ON",https://ca.indeed.com/viewjob?jk=f891710ac92bb9d5
Développeur JAVA (Intermédiaire),LR Tech,"Lévis, QC",https://ca.indeed.com/viewjob?jk=15bceb2e7550e2ac
Java Developer,Brains Technology solutions,"Mississauga, ON",https://ca.indeed.com/viewjob?jk=63cafab1186e8b28
Senior Java Developer,SYSTEMATIX,"Quebec City, QC",https://ca.indeed.com/viewjob?jk=707b84981cad7095
Cloud DevOps Specialist,Global IQX,"Ottawa, ON",https://ca.indeed.com/viewjob?jk=07ed65636dc2de56
Web Developer,Norseman Inc.,"Saskatoon, SK",https://ca.indeed.com/viewjob?jk=afa639d35604821b
Java Software Developer,Aquatic Informatics,"Vancouver, BC",https://ca.indeed.com/viewjob?jk=6749d8a1f6166fbe
Developer Java back-end senior,Equisoft,"Montréal, QC",https://ca.indeed.com/viewjob?jk=b80d7801b7486519
Senior Java Developer,SYNITI,Canada,https://ca.indeed.com/viewjob?jk=35a8afad3dfbfc36
Java Security Developer,IBM,"Markham, ON",https://ca.indeed.com/viewjob?jk=bd2cbffb6d820539
Java Software Developer junior/int.,Equisoft,"Montréal, QC",https://ca.indeed.com/viewjob?jk=0a508a378397b1be
Sr Java Developer,Miipe Quality Solutions,"Mississauga, ON",https://ca.indeed.com/viewjob?jk=d451d8528add6523
Senior Java Developer,EPAM Systems,Canada,https://ca.indeed.com/viewjob?jk=a25a8d258926c055
software developer,Roboplanet Education and Community Society,"Richmond, BC",https://ca.indeed.com/viewjob?jk=1a31c89257299482
Java Developer,Property Vista,"Toronto, ON",https://ca.indeed.com/viewjob?jk=0ae97132d600a99d
Software Architect (Java),Cvent,"Fredericton, NB",https://ca.indeed.com/viewjob?jk=28fc54aab4e0505e
Senior Java Developer,Skythinking Technology Co. Ltd.,"Vancouver, BC",https://ca.indeed.com/viewjob?jk=25e3480efb5928d4
Senior Java Developer (Team Lead),WYS FINANCIAL PLACEMENT SERVICES INC.,"Toronto, ON",https://ca.indeed.com/viewjob?jk=decde6e9ef226b50
Développeur Full Stack (H/F),Inovva Media Inc.,"Montréal, QC",https://ca.indeed.com/viewjob?jk=dbf5f35b73586989
Senior Java Developer . *** Développeur(euse) Java,Technologies Cysca,"Montréal, QC",https://ca.indeed.com/viewjob?jk=7347b331e1ced944
Développeur(euse) .NET,Elmo Solutions Inc.,"Quebec City, QC",https://ca.indeed.com/viewjob?jk=f2ad9b52f498814f
Senior Java Developer,Dasro Consulting Inc,"Regina, SK",https://ca.indeed.com/viewjob?jk=d24272f14970ea53
Développeur(euse) back-end,Paradocs Mountain Software,"Quebec City, QC",https://ca.indeed.com/viewjob?jk=efa325ea7e7f8507
Java Architect (Regina) - 1221,Solvera,"Regina, SK",https://ca.indeed.com/viewjob?jk=91bd456b5636cbc2
Senior Java Developer 3167515,Morgan Stanley,"Montréal, QC",https://ca.indeed.com/viewjob?jk=424a07db4bba4c79
Java Full Stack Developer,Cyber Chasse,Canada,https://ca.indeed.com/viewjob?jk=748436d54ab52187
Java Full Stack Developer,Silverlink Technologies Pvt Ltd,"Canada's Wonderland, ON",https://ca.indeed.com/viewjob?jk=2689d222ceb82017
Java Developer,Synechron,"Mississauga, ON",https://ca.indeed.com/viewjob?jk=096e37e412307ff9
Java Software Engineer - Waterloo,NCR,"Waterloo, ON",https://ca.indeed.com/viewjob?jk=d4827fad4cebd1bc
Java Engineer,CGI Inc,"Toronto, ON",https://ca.indeed.com/viewjob?jk=f70345097abb5872
Product Developer,Indeed,Remote,https://ca.indeed.com/viewjob?jk=1c00f1788343333c
Java Developer,Morgan Stanley,"Montréal, QC",https://ca.indeed.com/viewjob?jk=e58af5a07c4615cf
Junior Software Engineer,Lockheed Martin Corporation,"Halifax, NS",https://ca.indeed.com/viewjob?jk=71799570739b11fb
(2) JAVA Dervelopers,Maplesoft Group,"Quebec City, QC",https://ca.indeed.com/viewjob?jk=b8850651be8deeae
Java EE Developer,Mitel,"Ottawa, ON",https://ca.indeed.com/viewjob?jk=de2c18f3a74650ff
Java Programmer,Emerald Associates,"Calgary, AB",https://ca.indeed.com/viewjob?jk=818ceeda8f82daa7
Bioinformatician,Agriculture and Agri-Food Canada,"Saskatoon, SK",https://ca.indeed.com/viewjob?jk=26cb9b87ed732115
Senior Java Developer,ID Fusion,"Winnipeg, MB",https://ca.indeed.com/viewjob?jk=636a13e69ad4ff32
Software Engineer - Java - Toronto Hub,Veeva Systems,"Toronto, ON",https://ca.indeed.com/viewjob?jk=0f5034e47b14ab6e
Java/Spring Developer,SMITH,"Gatineau, QC",https://ca.indeed.com/viewjob?jk=1e86c8f023244ccd
Senior Java Developer,SYNITI,Canada,https://ca.indeed.com/viewjob?jk=35a8afad3dfbfc36
Java Web Developer,Alithya,"Montréal, QC",https://ca.indeed.com/viewjob?jk=fd1b7c02481f60d4
Application Java Developer,ADP,"Etobicoke, ON",https://ca.indeed.com/viewjob?jk=9db2947e79b85cea
Développeur Full Stack (H/F),Inovva Media Inc.,"Montréal, QC",https://ca.indeed.com/viewjob?jk=dbf5f35b73586989
Senior Java Developer,Propel Holdings,"Toronto, ON",https://ca.indeed.com/viewjob?jk=b829e7ef9b70d145
"ESRA Developer JSAPI, Java",Maplesoft Group,"Calgary, AB",https://ca.indeed.com/viewjob?jk=d4d4876da508d5fb
"Software Developers (Bedford, NS)",RBC,"Bedford, NS",https://ca.indeed.com/viewjob?jk=e26842876d3fab01
Développeur Java,Alithya,"Montréal, QC",https://ca.indeed.com/viewjob?jk=e75dfbd633299a8a
"Programmeur AnalystePHP, JAVA, HTML5",Globe Technologie,"Quebec City, QC",https://ca.indeed.com/viewjob?jk=6cca1b67eff306da
Java Developer for Security Financing,HSBC,"Toronto, ON",https://ca.indeed.com/viewjob?jk=d73c5bca19da8f12
Emerging Java Engineer,EPAM Systems,Canada,https://ca.indeed.com/viewjob?jk=5f2f13a79f768c40
Java Developer (Backend) with Kafka,Softvision - North America,"Vancouver, BC",https://ca.indeed.com/viewjob?jk=e6f099ade39b93f4
Java Developer,HS5 Solutions,"Mississauga, ON",https://ca.indeed.com/viewjob?jk=17b587a6d2168fa4
Senior Java Developer,Viafoura,Remote,https://ca.indeed.com/viewjob?jk=f1a1d931c6c297e5
Java Developer - Senior,XF Technologies Inc.,"Toronto, ON",https://ca.indeed.com/viewjob?jk=9680826c8783474d
Java Developer,opentext,"Richmond Hill, ON",https://ca.indeed.com/viewjob?jk=7a2f01e13088f20f
développeurs java spring boot,Croix Bleue du Québec,"Montréal, QC",https://ca.indeed.com/viewjob?jk=aee2c4b15bd13790
Java Software Engineer,FPT Software,"Montréal, QC",https://ca.indeed.com/viewjob?jk=46d962bff6c38521
Technical Business Analyst,Indeed,Remote,https://ca.indeed.com/viewjob?jk=2109f930a9be7013
Google Cloud Trainee,SADA,"Quebec City, QC",https://ca.indeed.com/viewjob?jk=b0b4bcd8ef2a1cbf
Java Full Stack Developer,Bridging IT Solutions Inc.,"Montréal, QC",https://ca.indeed.com/viewjob?jk=a5ed13d47ce3d586
Full Stack Java Developer,Health Source Group,"Montréal, QC",https://ca.indeed.com/viewjob?jk=54e5568491bc3719
Test Developer,Google,"Waterloo, ON",https://ca.indeed.com/viewjob?jk=f193f6dc7118721e
Test Coordinator,CIBC,"Toronto, ON",https://ca.indeed.com/viewjob?jk=6cb9c3132f87135e
Developer I,Ticketmaster,"Quebec City, QC",https://ca.indeed.com/viewjob?jk=d38609bd7972b477
DevOps Analyst,Sun Life Financial,"Waterloo, ON",https://ca.indeed.com/viewjob?jk=1c9500051b931529
Java Microservices Developer,AstraNorth,"Toronto, ON",https://ca.indeed.com/viewjob?jk=b38fc4380f585d40
Full Stack Java Developer-Junior,CGI Inc,"Ottawa, ON",https://ca.indeed.com/viewjob?jk=be3e70439b05091e
software developer,iClinic Systems Inc.,"Vancouver, BC",https://ca.indeed.com/viewjob?jk=c3f24ac38d0a4526
Senior Java Developer,Diverse Lynx,"Toronto, ON",https://ca.indeed.com/viewjob?jk=b3f6d0eed3ef8d1b
Stagiaire Développeur de Logiciels/Software Developer Intern,"CM Labs Simulations, Inc","Montréal, QC",https://ca.indeed.com/viewjob?jk=05ba51f5d6d5dc14
Mainframe Developer- Application Discovery and Delivery Intelligence,IBM,"Markham, ON",https://ca.indeed.com/viewjob?jk=58addbb9d7490101
Software Development Engineer I - ACFS-V9518,"AMZN CAN Fulfillment Svcs, ULC","Vancouver, BC",https://ca.indeed.com/viewjob?jk=6d8c30a57dc02190
Java Automation (SDET),my company,"Toronto, ON",https://ca.indeed.com/viewjob?jk=2ded2181d9b02440
Emerging Java Engineer,EPAM Systems,Canada,https://ca.indeed.com/viewjob?jk=5f2f13a79f768c40
Java Developer (Backend) with Kafka,Softvision - North America,"Vancouver, BC",https://ca.indeed.com/viewjob?jk=e6f099ade39b93f4
Java Developer,HS5 Solutions,"Mississauga, ON",https://ca.indeed.com/viewjob?jk=17b587a6d2168fa4
Senior Java Developer,Viafoura,Remote,https://ca.indeed.com/viewjob?jk=f1a1d931c6c297e5
Java Developer - Senior,XF Technologies Inc.,"Toronto, ON",https://ca.indeed.com/viewjob?jk=9680826c8783474d
Java Developer,opentext,"Richmond Hill, ON",https://ca.indeed.com/viewjob?jk=7a2f01e13088f20f
développeurs java spring boot,Croix Bleue du Québec,"Montréal, QC",https://ca.indeed.com/viewjob?jk=aee2c4b15bd13790
Java Software Engineer,FPT Software,"Montréal, QC",https://ca.indeed.com/viewjob?jk=46d962bff6c38521
Google Cloud Trainee,SADA,"Quebec City, QC",https://ca.indeed.com/viewjob?jk=b0b4bcd8ef2a1cbf
Java Full Stack Developer,Bridging IT Solutions Inc.,"Montréal, QC",https://ca.indeed.com/viewjob?jk=a5ed13d47ce3d586
Test Developer,Google,"Waterloo, ON",https://ca.indeed.com/viewjob?jk=f193f6dc7118721e
Test Coordinator,CIBC,"Toronto, ON",https://ca.indeed.com/viewjob?jk=6cb9c3132f87135e
Developer I,Ticketmaster,"Quebec City, QC",https://ca.indeed.com/viewjob?jk=d38609bd7972b477
Java Microservices Developer,AstraNorth,"Toronto, ON",https://ca.indeed.com/viewjob?jk=b38fc4380f585d40
Full Stack Java Developer-Junior,CGI Inc,"Ottawa, ON",https://ca.indeed.com/viewjob?jk=be3e70439b05091e
software developer,iClinic Systems Inc.,"Vancouver, BC",https://ca.indeed.com/viewjob?jk=c3f24ac38d0a4526
Senior Java Developer,Diverse Lynx,"Toronto, ON",https://ca.indeed.com/viewjob?jk=b3f6d0eed3ef8d1b
Stagiaire Développeur de Logiciels/Software Developer Intern,"CM Labs Simulations, Inc","Montréal, QC",https://ca.indeed.com/viewjob?jk=05ba51f5d6d5dc14
Mainframe Developer- Application Discovery and Delivery Intelligence,IBM,"Markham, ON",https://ca.indeed.com/viewjob?jk=58addbb9d7490101
Software Development Engineer I - ACFS-V9518,"AMZN CAN Fulfillment Svcs, ULC","Vancouver, BC",https://ca.indeed.com/viewjob?jk=6d8c30a57dc02190
Java Automation (SDET),my company,"Toronto, ON",https://ca.indeed.com/viewjob?jk=2ded2181d9b02440
Customer Support Specialist,PointClickCare,Remote,https://ca.indeed.com/viewjob?jk=4f5a5abf8334ba52
"Back End Java Developer, Sr Associate",Publicis Sapient,"Toronto, ON",https://ca.indeed.com/viewjob?jk=73273bd70299e5b2
DevOps Engineer,Tangentia,"Toronto, ON",https://ca.indeed.com/viewjob?jk=341d810bd78953dd
Java Developer II,ZE Power Group,"Richmond, BC",https://ca.indeed.com/viewjob?jk=97c249e295911e67
Java Developer Contract-12 Month Contract,Toyota Canada Inc.,"Toronto, ON",https://ca.indeed.com/viewjob?jk=83ae815131e2a0ec
Senior Software Developers,Richardson International,"Winnipeg, MB",https://ca.indeed.com/viewjob?jk=385f7d3a20c000ba
Développeur (euse) - Java Back-End,Desjardins,"Lévis, QC",https://ca.indeed.com/viewjob?jk=ed22c4fe020f2cb3
Technology Consultant,TELUS International,Canada,https://ca.indeed.com/viewjob?jk=d10c868a81d6f399
Java Developer w/AWS Experience,OT Solutions Inc.,"Edmonton, AB",https://ca.indeed.com/viewjob?jk=150a4ec03aa5a01f
Java Developer Level 3,IGT,"Moncton, NB",https://ca.indeed.com/viewjob?jk=e846bf21dea547fd
Scripteur,Activision,"Quebec City, QC",https://ca.indeed.com/viewjob?jk=8b6169b21478fa01
Senior Java Developer,Publicis Sapient,"Toronto, ON",https://ca.indeed.com/viewjob?jk=61ca9ec27bd537ff
Technical Support Specialist for Jeppesen – a Boeing company,Sigma Software,Canada,https://ca.indeed.com/viewjob?jk=3ef7bea7902947d7
Java Developer (Back End),SmartSimple Software,"Toronto, ON",https://ca.indeed.com/viewjob?jk=fe747899973641ce
Developer Java back-end senior,Equisoft,"Montréal, QC",https://ca.indeed.com/viewjob?jk=b80d7801b7486519
Java Developer,Otomashen Inc,"Toronto, ON",https://ca.indeed.com/viewjob?jk=6bfbc4e410914670
Full Stack Software Developer,Molex,"North Vancouver, BC",https://ca.indeed.com/viewjob?jk=3f562cd288a9cd47
Toronto - Graduate Program,FDM Group,"Toronto, ON",https://ca.indeed.com/viewjob?jk=3ce199a8441b8b27
Junior Full Stack Developer,Fairstone,"Montréal, QC",https://ca.indeed.com/viewjob?jk=729133f9b20e4043
Application Support Analyst,FortisBC,"Trail, BC",https://ca.indeed.com/viewjob?jk=3b97ea07ddf32c7e
Core Java Automation developers,Maarut Inc,"Ottawa, ON",https://ca.indeed.com/viewjob?jk=a4b5add5dd4d5f4a
Agile Java developer wanting to learn semantics 3164349,Morgan Stanley,"Montréal, QC",https://ca.indeed.com/viewjob?jk=a17bfc5b9d25f27a
software developer,P2GAMER,"Burnaby, BC",https://ca.indeed.com/viewjob?jk=29c64e2e7cee2084
FPGA Software Engineer,Intel,"Toronto, ON",https://ca.indeed.com/viewjob?jk=4e4aacecd576e5f1
Senior Java Developer - Remote Development for US Based Fortune 100 Company,Binary Star,Ontario,https://ca.indeed.com/viewjob?jk=c20db606b3341752
Java Developer,EPAM Systems,"Waterloo, ON",https://ca.indeed.com/viewjob?jk=892283e5694bc0d2
Sr. Software Engineer - Java | Springboot | DevOps,RBC,"Toronto, ON",https://ca.indeed.com/viewjob?jk=18effbc68a935048
Junior Python Developer,Hitachi ID,Remote,https://ca.indeed.com/viewjob?jk=17097e41be50652f
Software Dev Engineer I,"Amazon Web Services Canada, In","Burnaby, BC",https://ca.indeed.com/viewjob?jk=ea6f39529c7e2710
Java /Micro -Services Developer,Morgan Stanley,"Montréal, QC",https://ca.indeed.com/viewjob?jk=1632d4e69169889b
Sr. Software Developer (Java),Carfax,"London, ON",https://ca.indeed.com/viewjob?jk=06cf6f038c1ccefc
Technical Consultant,Modulus Data,"Montréal, QC",https://ca.indeed.com/viewjob?jk=40ffde0e82b6c365
Solution Architect,mobilelive,"Toronto, ON",https://ca.indeed.com/viewjob?jk=5f3afd9c6b550f2b
Software Developer Intern (4 months),IBM,"Markham, ON",https://ca.indeed.com/viewjob?jk=f5df673526d76717
Java developer,Cloud 3D Print,"Concord, ON",https://ca.indeed.com/viewjob?jk=6a2d62ba602a1eb1
WebSphere Commerce (Business Edition) & Java (J2EE) Developer -- Ref.# : WS0707,Vastcom Network,"Richmond Hill, ON",https://ca.indeed.com/viewjob?jk=9c7d92760871ed41
Application Support Analyst,Société Générale,"Montréal, QC",https://ca.indeed.com/viewjob?jk=2fe1b66fe71053a5
Intermediate Java Developer,CriSys,"Toronto, ON",https://ca.indeed.com/viewjob?jk=2aed2e023b458a91
Java Developer (Fulltime),Ignite Talent Solutions,"Toronto, ON",https://ca.indeed.com/viewjob?jk=718d2b759d24e249
Sr. Java Developer - Payments,CGI,"Toronto, ON",https://ca.indeed.com/viewjob?jk=541daf747f4a850b
Java Full Stack,Square BPM Inc.,"Montréal, QC",https://ca.indeed.com/viewjob?jk=7a3f32edf935518e
Java/.NET Developer,ABM Integrated Solutions,"Dartmouth, NS",https://ca.indeed.com/viewjob?jk=e8584e6ea9275889
Associate Software Engineer II,SPS COMMERCE,"Brampton, ON",https://ca.indeed.com/viewjob?jk=b19bb6652106bae1
Senior Software Engineer - Backend Java (Canada Remote),SailPoint,"Toronto, ON",https://ca.indeed.com/viewjob?jk=3380674098db77cb
Mainframe and Java - Selenium QE,CGI Inc,"Toronto, ON",https://ca.indeed.com/viewjob?jk=b35ad8e02c95ae29
Test Automation Specialist,CGI Inc,"Montréal, QC",https://ca.indeed.com/viewjob?jk=f9c336ec2f5c073a
"Sr. Member of Technical Staff- Java Developer - Order to Cash - Opportunity for Working Remotely Toronto,",VMware,"Toronto, ON",https://ca.indeed.com/viewjob?jk=78a530999017396c
Software Developer,Schooley Mitchell,"Kitchener, ON",https://ca.indeed.com/viewjob?jk=625044ff0e9cb981
Software Developer,SageData Solutions Inc.,"Ottawa, ON",https://ca.indeed.com/viewjob?jk=1024cd6613f04c4d
Hiring Intermediate and Senior Java Developers! (Several Open Positions) 3163440,Morgan Stanley,"Montréal, QC",https://ca.indeed.com/viewjob?jk=1691fe99960415c0
Java Developer,Citi,"Mississauga, ON",https://ca.indeed.com/viewjob?jk=b1f5efaa2b49944b
Java Platform Engineering Specialist,Morgan Stanley,"Montréal, QC",https://ca.indeed.com/viewjob?jk=b8effad98b0a6a62
"Senior Java Developer - $130,000 total compensation + extras - REMOTE",CorGTA,"Toronto, ON",https://ca.indeed.com/viewjob?jk=e4f33ebab607c9bd
Programmer Assistant,York University,"Toronto, ON",https://ca.indeed.com/viewjob?jk=4778ca04259b1c80
Production Support,Virtusa,"Toronto, ON",https://ca.indeed.com/viewjob?jk=f1117b2e7bff7178
Senior Software Developer - Java 8 - Spring - Microservices,Investigo Life Sciences,"Surrey, BC",https://ca.indeed.com/viewjob?jk=72b606cb1408aaa4
Software Development Engineer III - ADCC-T8791,Amazon Dev Centre Canada ULC,"Toronto, ON",https://ca.indeed.com/viewjob?jk=0ee22a6abae8af6a
Java Developer (Hadoop/Kafka) AVP,Citi,"Mississauga, ON",https://ca.indeed.com/viewjob?jk=1fad5508f266d82c
API Software Developer; Digital Factory,Scotiabank,"Toronto, ON",https://ca.indeed.com/viewjob?jk=4be4662eb0629b40
Software Engineer,Sandvine,"Waterloo, ON",https://ca.indeed.com/viewjob?jk=a095d7ad77ec635f
Java API Engineer,AcuityAds,"Toronto, ON",https://ca.indeed.com/viewjob?jk=1fd60f5fac59ac91
Java Full Stack Developer,Square BPM Inc.,"Toronto, ON",https://ca.indeed.com/viewjob?jk=6a40790f8c46fff0
Developer I,Live Nation,"Quebec City, QC",https://ca.indeed.com/viewjob?jk=a6bd14743c26de61
Java / Scala Engineer,Capgemini,"Toronto, ON",https://ca.indeed.com/viewjob?jk=856d932e2246b1bf
Programmeur/Programmeuse JAVA,Momentum Technologies,"Quebec City, QC",https://ca.indeed.com/viewjob?jk=e1efccc6b1c17bcb
"SAP iXp Intern - Agile Developer, HANA and Analytics (Sep 2021 Early Acceptance)",SAP,"Vancouver, BC",https://ca.indeed.com/viewjob?jk=f4ada16bc6a7797c
Data Engineer,Cooke Aquaculture Inc.,"Saint John, NB",https://ca.indeed.com/viewjob?jk=e03d75a73b6338a0
Java Developer,Ness,"Toronto, ON",https://ca.indeed.com/viewjob?jk=b7e719227ba8c7d6
Java Developer,Mediagrif,"Longueuil, QC",https://ca.indeed.com/viewjob?jk=9864b299e552b422
"Android Engineer, Intern",Dropisle,"Toronto, ON",https://ca.indeed.com/viewjob?jk=81d71d2702030897
Développeur (euse),iA Financial Group / iA Groupe financier,"Quebec City, QC",https://ca.indeed.com/viewjob?jk=87a4111b6b67e553
"Java, J2EE Applications Developer",Alithya,"Edmonton, AB",https://ca.indeed.com/viewjob?jk=0d4b17361e32a0e2
"Temporary - Software Developer, Clinical Solutions Interfaces",London Health Sciences Centre,"London, ON",https://ca.indeed.com/viewjob?jk=91ddd81915f65c05
software developer,Alding Enterprises Inc.,"Abbotsford, BC",https://ca.indeed.com/viewjob?jk=61888c1d28db6cb6
Java or Scala Developer 3166194,Morgan Stanley,"Montréal, QC",https://ca.indeed.com/viewjob?jk=0a8e0a23cdce68dc
Software Developer,FLYHT,"Calgary, AB",https://ca.indeed.com/viewjob?jk=4207feed96a085d0
Quality Assurance Developer,Eaton,Quebec Province,https://ca.indeed.com/viewjob?jk=8546d2db8e12b838
Embedded Software Engineer -Space,MDA,"Kanata, ON",https://ca.indeed.com/viewjob?jk=ccd09b2a4c97c6bb
Junior Web Developer,FrogPlum Solutions Inc.,"Langley, BC",https://ca.indeed.com/viewjob?jk=aecd7f692aa57401
Café Associate,Altea Active,"Winnipeg, MB",https://ca.indeed.com/viewjob?jk=cdeb60446c2a08c0
Senior Java Software Engineer,Peak Power,"Toronto, ON",https://ca.indeed.com/viewjob?jk=61bfb34d9aa19032
"Java Developer (SQL, Devops)",AstraNorth,"Toronto, ON",https://ca.indeed.com/viewjob?jk=658509d6465e5368
Sessional - Faculty,Thompson Rivers University,"Kamloops, BC",https://ca.indeed.com/viewjob?jk=8255bc60100faf59
Java Developer,Alithya,"Toronto, ON",https://ca.indeed.com/viewjob?jk=fbcb8ec27d4a8b7e
Technology Consultant,TELUS International,Canada,https://ca.indeed.com/viewjob?jk=d10c868a81d6f399
Java Software Developer,Alcohol Countermeasure Systems,"Toronto, ON",https://ca.indeed.com/viewjob?jk=af9baa4dfc5fa8fc
IoT & AI Developer Intern (4 months),IBM,"Toronto, ON",https://ca.indeed.com/viewjob?jk=3cc42a17cbf6ffd3
Senior Java/Data Engineer (VP),Citi,"Mississauga, ON",https://ca.indeed.com/viewjob?jk=0b46d848b3d9bea8
Data Engineer,Bond Brand Loyalty Inc,"Mississauga, ON",https://ca.indeed.com/viewjob?jk=c362a1ee2b107ad4
Technical Service Diagnostic Specialist,Excelitas Technologies,"Mississauga, ON",https://ca.indeed.com/viewjob?jk=7ab5a080e6d9edcd
Technical Consultant,Modulus Data,"Montréal, QC",https://ca.indeed.com/viewjob?jk=40ffde0e82b6c365
Application Analyst – GIS,"City of Burlington, Ontario","Burlington, ON",https://ca.indeed.com/viewjob?jk=7bd32e047f0c3ca2
Software Developer,SageData Solutions Inc.,"Ottawa, ON",https://ca.indeed.com/viewjob?jk=1024cd6613f04c4d
Quality Assurance Engineer,Indochino,"Vancouver, BC",https://ca.indeed.com/viewjob?jk=89a6451dd355f99e
software developer,Alding Enterprises Inc.,"Abbotsford, BC",https://ca.indeed.com/viewjob?jk=61888c1d28db6cb6
Software Developer - DevOps,Oracle,"Kitchener, ON",https://ca.indeed.com/viewjob?jk=e62f68bdf23ca5a8
Backend Java Developer,Corinex Communications,"Vancouver, BC",https://ca.indeed.com/viewjob?jk=4b1b0e6eb391c562
Java Developer,"enVista, LLC","Toronto, ON",https://ca.indeed.com/viewjob?jk=c493709e9f09e3fd
Web developer,FrogPlum,"Langley, BC",https://ca.indeed.com/viewjob?jk=0cccf3bfa55417f1
Senior Java Developer for Security Financing,HSBC,"Toronto, ON",https://ca.indeed.com/viewjob?jk=410230ef8539122b
Associate Software Engineer (JR1017959) (Backend Java Developer),Broadridge,"Toronto, ON",https://ca.indeed.com/viewjob?jk=b3c592d971900ee8
Associate Java Developer,OneSpan,"Montréal, QC",https://ca.indeed.com/viewjob?jk=c0a9021e1705464b
Java Developer,Accreon Inc.,"Fredericton, NB",https://ca.indeed.com/viewjob?jk=19f3aab84db7feee
RPA Developer (Blue Prism and UiPath),Ernst & Young,"Calgary, AB",https://ca.indeed.com/viewjob?jk=eafa16404ce707e5
Java Microservices Developer,AstraNorth,"Toronto, ON",https://ca.indeed.com/viewjob?jk=b38fc4380f585d40
Java Team Lead,Morgan Stanley,"Montréal, QC",https://ca.indeed.com/viewjob?jk=835d49ac0ffec031
HAPI FHIR Support Engineer,Smile CDR,Ontario,https://ca.indeed.com/viewjob?jk=16c3c9d40f95d382
Back-End Developer,Architech,Remote,https://ca.indeed.com/viewjob?jk=e429395c6ad959b9
Senior Java Back End Web Developer,Aequilibrium Software Inc.,"Vancouver, BC",https://ca.indeed.com/viewjob?jk=b58271eecf285ba5
Staff SW Engineer / Java API,Gigamon,"Ottawa, ON",https://ca.indeed.com/viewjob?jk=22647911019aa520
Software Engineer - Java - Toronto Hub,Veeva Systems,"Toronto, ON",https://ca.indeed.com/viewjob?jk=0f5034e47b14ab6e
Application Support Analyst,Société Générale,"Montréal, QC",https://ca.indeed.com/viewjob?jk=2fe1b66fe71053a5
Java Full Stack Developer,CLAIRVOYANT INC,"Toronto, ON",https://ca.indeed.com/viewjob?jk=64bb2debf31a212a
"Solutions Architect, Remote",Infostrux Solutions,British Columbia,https://ca.indeed.com/viewjob?jk=01c4d5db69cc6b44
Join a growing team as an Intermediate Java Developer 3166353,Morgan Stanley,"Montréal, QC",https://ca.indeed.com/viewjob?jk=d01bd974ffaf50d5
DevOps Developer – (Java.Core/DevOps),IBM,"Calgary, AB",https://ca.indeed.com/viewjob?jk=29762314949a172f
"Java J2EE Developers – Montreal,QC",Kovasys,"Montréal, QC",https://ca.indeed.com/viewjob?jk=cc418cdf80d02d61
"Technical Lead, Software Development with Java J2EE, Rest and Angular- Tangerine",Tangerine Bank,"North York, ON",https://ca.indeed.com/viewjob?jk=a024974c5783e1e2
Java or Scala Developer 3166194,Morgan Stanley,"Montréal, QC",https://ca.indeed.com/viewjob?jk=0a8e0a23cdce68dc
"Associate Software Engineer - Richmond, BC",MDA,"Richmond, BC",https://ca.indeed.com/viewjob?jk=a95778b8dc67ed1b
Senior Java Developer,Solace Corporation,"Kanata, ON",https://ca.indeed.com/viewjob?jk=a0da7a4c52d2e78b
Senior Core Java developer for eTrading,Citi,"Mississauga, ON",https://ca.indeed.com/viewjob?jk=b85bb95ea38b2195
Programmeur Java,Monitrol,"Boucherville, QC",https://ca.indeed.com/viewjob?jk=5615bec8ab9a44d5
"Senior Software Engineer, Java",Calabrio,"Vancouver, BC",https://ca.indeed.com/viewjob?jk=b487d523ef2d768b
Java Application Developer,N8 Identity,"Burlington, ON",https://ca.indeed.com/viewjob?jk=665dfdd011ae79c9
Java Developer,AudienceView,"Vancouver, BC",https://ca.indeed.com/viewjob?jk=b6aa67f0ddc2c7eb
System Analyst-ERP,City of Hamilton,"Hamilton, ON",https://ca.indeed.com/viewjob?jk=b1c01bee97ec0ba2
Web developer,Amberson College High School,"Scarborough, ON",https://ca.indeed.com/viewjob?jk=9dfaa4b61b2121ce
Lead Java Developer,opentext,Remote,https://ca.indeed.com/viewjob?jk=56f9e8e34923fc1f
